{
"lengthUnit": "mil",
"components": {
	"fields": ["COMPONENT_NO", "COMPONENT_NAME", "LAYER", "X_COORDINATE", "Y_COORDINATE", "ANGLE"],
	"rows": [
		[1, "ADS1115", "T", 1700, -2990, 270],
		[2, "C1", "T", 3275, -950, 270],
		[3, "C2", "T", 2400, -1400, 270],
		[4, "DCDC1", "T", 2345, -875, 0],
		[5, "ELECTRODES", "T", 3275, -1375, 90],
		[6, "INA219", "T", 1530, -2110, 270],
		[7, "J_COM", "T", 375, -190, 180],
		[8, "J_I", "T", 3230, -1670, 180],
		[9, "J_RANGE1", "T", 2630, -1835, 0],
		[10, "J_RANGE2", "T", 2635, -2085, 180],
		[11, "J_V", "T", 3230, -1920, 0],
		[12, "MCP4725", "T", 2060, -330, 270],
		[13, "PICO1", "T", 1140, -760, 270],
		[14, "R1", "T", 3185, -315, 90],
		[15, "R2", "T", 2900, -650, 180],
		[16, "R3", "T", 2895, -830, 180],
		[17, "R4", "T", 2195, -1435, 270],
		[18, "R5", "T", 2215, -1830, 180],
		[19, "R6", "T", 2215, -2070, 0],
		[20, "R7", "T", 1805, -1980, 270],
		[21, "RELAY_I", "T", 3525, -3370, 180],
		[22, "RELAY_RANGE1", "T", 2825, -2950, 0],
		[23, "RELAY_RANGE2", "T", 2825, -3705, 180],
		[24, "RELAY_V", "T", 3515, -2575, 0],
		[25, "U1", "T", 2805, -315, 270],
		[26, "U2", "T", 2790, -1380, 90]
	]
},
"pins": {
	"fields": ["PIN_NO", "PIN_NAME", "PIN_X", "PIN_Y", "LAYER", "PIN_TYPE", "NET_NAME", "NET_TYPE", "PAD_SHAPE", "PAD_SIZEX", "PAD_SIZEY", "HOLE_SIZE", "PAD_ANGLE"],
	"rows": [
		[1, "ADS1115_1", 1700, -2540, "T", "DIP", "VCC", "", "R", 62, 66.93, 43.31, 270],
		[2, "ADS1115_1", 1700, -2540, "B", "DIP", "VCC", "", "R", 62, 66.93, 43.31, 270],
		[3, "ADS1115_2", 1700, -2640, "T", "DIP", "GND", "GND", "C", 66.93, 66.93, 43.31, 270],
		[4, "ADS1115_2", 1700, -2640, "B", "DIP", "GND", "GND", "C", 66.93, 66.93, 43.31, 270],
		[5, "ADS1115_3", 1700, -2740, "T", "DIP", "SCL", "", "C", 66.93, 66.93, 43.31, 270],
		[6, "ADS1115_3", 1700, -2740, "B", "DIP", "SCL", "", "C", 66.93, 66.93, 43.31, 270],
		[7, "ADS1115_4", 1700, -2840, "T", "DIP", "SDA", "", "C", 66.93, 66.93, 43.31, 270],
		[8, "ADS1115_4", 1700, -2840, "B", "DIP", "SDA", "", "C", 66.93, 66.93, 43.31, 270],
		[9, "ADS1115_5", 1700, -2940, "T", "DIP", "ADS1115_5", "", "C", 66.93, 66.93, 43.31, 270],
		[10, "ADS1115_5", 1700, -2940, "B", "DIP", "ADS1115_5", "", "C", 66.93, 66.93, 43.31, 270],
		[11, "ADS1115_6", 1700, -3040, "T", "DIP", "ADS1115_6", "", "C", 66.93, 66.93, 43.31, 270],
		[12, "ADS1115_6", 1700, -3040, "B", "DIP", "ADS1115_6", "", "C", 66.93, 66.93, 43.31, 270],
		[13, "ADS1115_7", 1700, -3140, "T", "DIP", "$1N5030", "", "C", 66.93, 66.93, 43.31, 270],
		[14, "ADS1115_7", 1700, -3140, "B", "DIP", "$1N5030", "", "C", 66.93, 66.93, 43.31, 270],
		[15, "ADS1115_8", 1700, -3240, "T", "DIP", "ADS1115_8", "", "C", 66.93, 66.93, 43.31, 270],
		[16, "ADS1115_8", 1700, -3240, "B", "DIP", "ADS1115_8", "", "C", 66.93, 66.93, 43.31, 270],
		[17, "ADS1115_9", 1700, -3340, "T", "DIP", "ADS1115_9", "", "C", 66.93, 66.93, 43.31, 270],
		[18, "ADS1115_9", 1700, -3340, "B", "DIP", "ADS1115_9", "", "C", 66.93, 66.93, 43.31, 270],
		[19, "ADS1115_10", 1700, -3440, "T", "DIP", "ADS1115_10", "", "C", 66.93, 66.93, 43.31, 270],
		[20, "ADS1115_10", 1700, -3440, "B", "DIP", "ADS1115_10", "", "C", 66.93, 66.93, 43.31, 270],
		[21, "C1_1", 3275, -848.62, "T", "DIP", "V1", "", "C", 70.87, 70.87, 47.24, 270],
		[22, "C1_1", 3275, -848.62, "B", "DIP", "V1", "", "C", 70.87, 70.87, 47.24, 270],
		[23, "C1_2", 3275, -1051.38, "T", "DIP", "V_OUT", "", "C", 70.87, 70.87, 47.24, 270],
		[24, "C1_2", 3275, -1051.38, "B", "DIP", "V_OUT", "", "C", 70.87, 70.87, 47.24, 270],
		[25, "C2_1", 2400, -1298.62, "T", "DIP", "$1N3893", "", "C", 70.87, 70.87, 47.24, 270],
		[26, "C2_1", 2400, -1298.62, "B", "DIP", "$1N3893", "", "C", 70.87, 70.87, 47.24, 270],
		[27, "C2_2", 2400, -1501.38, "T", "DIP", "$1N3984", "", "C", 70.87, 70.87, 47.24, 270],
		[28, "C2_2", 2400, -1501.38, "B", "DIP", "$1N3984", "", "C", 70.87, 70.87, 47.24, 270],
		[29, "DCDC1_1", 2145, -875, "T", "DIP", "V6-", "", "R", 66.93, 66.93, 43.31, 0],
		[30, "DCDC1_1", 2145, -875, "B", "DIP", "V6-", "", "R", 66.93, 66.93, 43.31, 0],
		[31, "DCDC1_2", 2245, -875, "T", "DIP", "DCDC1_2", "", "C", 66.93, 66.93, 43.31, 0],
		[32, "DCDC1_2", 2245, -875, "B", "DIP", "DCDC1_2", "", "C", 66.93, 66.93, 43.31, 0],
		[33, "DCDC1_3", 2345, -875, "T", "DIP", "V6+", "", "R", 66.93, 66.93, 43.31, 0],
		[34, "DCDC1_3", 2345, -875, "B", "DIP", "V6+", "", "R", 66.93, 66.93, 43.31, 0],
		[35, "DCDC1_4", 2445, -875, "T", "DIP", "GND", "GND", "C", 66.93, 66.93, 43.31, 0],
		[36, "DCDC1_4", 2445, -875, "B", "DIP", "GND", "GND", "C", 66.93, 66.93, 43.31, 0],
		[37, "DCDC1_5", 2545, -875, "T", "DIP", "VCC", "", "R", 66.93, 66.93, 43.31, 0],
		[38, "DCDC1_5", 2545, -875, "B", "DIP", "VCC", "", "R", 66.93, 66.93, 43.31, 0],
		[39, "ELECTRODES_1", 3275, -1475, "T", "DIP", "V_CE", "", "R", 59.05, 59.05, 39.37, 90],
		[40, "ELECTRODES_1", 3275, -1475, "B", "DIP", "V_CE", "", "R", 59.05, 59.05, 39.37, 90],
		[41, "ELECTRODES_2", 3275, -1375, "T", "DIP", "V_RE", "", "C", 59.05, 59.05, 39.37, 90],
		[42, "ELECTRODES_2", 3275, -1375, "B", "DIP", "V_RE", "", "C", 59.05, 59.05, 39.37, 90],
		[43, "ELECTRODES_3", 3275, -1275, "T", "DIP", "V_WE", "", "C", 59.05, 59.05, 39.37, 90],
		[44, "ELECTRODES_3", 3275, -1275, "B", "DIP", "V_WE", "", "C", 59.05, 59.05, 39.37, 90],
		[45, "INA219_1", 1471.18, -2519.45, "T", "DIP", "VCC", "", "C", 74.8, 74.8, 43.31, 270],
		[46, "INA219_1", 1471.18, -2519.45, "B", "DIP", "VCC", "", "C", 74.8, 74.8, 43.31, 270],
		[47, "INA219_2", 1471.18, -2619.45, "T", "DIP", "GND", "GND", "C", 74.8, 74.8, 43.31, 270],
		[48, "INA219_2", 1471.18, -2619.45, "B", "DIP", "GND", "GND", "C", 74.8, 74.8, 43.31, 270],
		[49, "INA219_3", 1471.18, -2719.45, "T", "DIP", "SCL", "", "C", 74.8, 74.8, 43.31, 270],
		[50, "INA219_3", 1471.18, -2719.45, "B", "DIP", "SCL", "", "C", 74.8, 74.8, 43.31, 270],
		[51, "INA219_4", 1471.18, -2819.45, "T", "DIP", "SDA", "", "C", 74.8, 74.8, 43.31, 270],
		[52, "INA219_4", 1471.18, -2819.45, "B", "DIP", "SDA", "", "C", 74.8, 74.8, 43.31, 270],
		[53, "INA219_5", 1471.18, -2919.45, "T", "DIP", "GND", "GND", "C", 74.8, 74.8, 43.31, 270],
		[54, "INA219_5", 1471.18, -2919.45, "B", "DIP", "GND", "GND", "C", 74.8, 74.8, 43.31, 270],
		[55, "INA219_6", 1471.18, -3019.45, "T", "DIP", "I_IN", "", "C", 74.8, 74.8, 43.31, 270],
		[56, "INA219_6", 1471.18, -3019.45, "B", "DIP", "I_IN", "", "C", 74.8, 74.8, 43.31, 270],
		[57, "J_COM_1", 425, -190, "T", "DIP", "TX", "", "R", 70.87, 70.87, 39.37, 180],
		[58, "J_COM_1", 425, -190, "B", "DIP", "TX", "", "R", 70.87, 70.87, 39.37, 180],
		[59, "J_COM_2", 325, -190, "T", "DIP", "RX", "", "C", 70.87, 70.87, 39.37, 180],
		[60, "J_COM_2", 325, -190, "B", "DIP", "RX", "", "C", 70.87, 70.87, 39.37, 180],
		[61, "J_I_1", 3280, -1670, "T", "DIP", "V_WE", "", "R", 70.87, 70.87, 39.37, 180],
		[62, "J_I_1", 3280, -1670, "B", "DIP", "V_WE", "", "R", 70.87, 70.87, 39.37, 180],
		[63, "J_I_2", 3180, -1670, "T", "DIP", "$1N3893", "", "C", 70.87, 70.87, 39.37, 180],
		[64, "J_I_2", 3180, -1670, "B", "DIP", "$1N3893", "", "C", 70.87, 70.87, 39.37, 180],
		[65, "J_RANGE1_1", 2580, -1835, "T", "DIP", "$1N3984", "", "R", 70.87, 70.87, 39.37, 0],
		[66, "J_RANGE1_1", 2580, -1835, "B", "DIP", "$1N3984", "", "R", 70.87, 70.87, 39.37, 0],
		[67, "J_RANGE1_2", 2680, -1835, "T", "DIP", "$1N11195", "", "C", 70.87, 70.87, 39.37, 0],
		[68, "J_RANGE1_2", 2680, -1835, "B", "DIP", "$1N11195", "", "C", 70.87, 70.87, 39.37, 0],
		[69, "J_RANGE2_1", 2685, -2085, "T", "DIP", "$1N11195", "", "R", 70.87, 70.87, 39.37, 180],
		[70, "J_RANGE2_1", 2685, -2085, "B", "DIP", "$1N11195", "", "R", 70.87, 70.87, 39.37, 180],
		[71, "J_RANGE2_2", 2585, -2085, "T", "DIP", "$1N11201", "", "C", 70.87, 70.87, 39.37, 180],
		[72, "J_RANGE2_2", 2585, -2085, "B", "DIP", "$1N11201", "", "C", 70.87, 70.87, 39.37, 180],
		[73, "J_V_1", 3180, -1920, "T", "DIP", "$1N5030", "", "R", 70.87, 70.87, 39.37, 0],
		[74, "J_V_1", 3180, -1920, "B", "DIP", "$1N5030", "", "R", 70.87, 70.87, 39.37, 0],
		[75, "J_V_2", 3280, -1920, "T", "DIP", "V_RE", "", "C", 70.87, 70.87, 39.37, 0],
		[76, "J_V_2", 3280, -1920, "B", "DIP", "V_RE", "", "C", 70.87, 70.87, 39.37, 0],
		[77, "MCP4725_1", 2060, -130, "T", "DIP", "VCC", "", "R", 66.93, 66.93, 43.31, 270],
		[78, "MCP4725_1", 2060, -130, "B", "DIP", "VCC", "", "R", 66.93, 66.93, 43.31, 270],
		[79, "MCP4725_2", 2060, -230, "T", "DIP", "GND", "GND", "C", 66.93, 66.93, 43.31, 270],
		[80, "MCP4725_2", 2060, -230, "B", "DIP", "GND", "GND", "C", 66.93, 66.93, 43.31, 270],
		[81, "MCP4725_3", 2060, -330, "T", "DIP", "SCL", "", "C", 66.93, 66.93, 43.31, 270],
		[82, "MCP4725_3", 2060, -330, "B", "DIP", "SCL", "", "C", 66.93, 66.93, 43.31, 270],
		[83, "MCP4725_4", 2060, -430, "T", "DIP", "SDA", "", "C", 66.93, 66.93, 43.31, 270],
		[84, "MCP4725_4", 2060, -430, "B", "DIP", "SDA", "", "C", 66.93, 66.93, 43.31, 270],
		[85, "MCP4725_5", 2060, -530, "T", "DIP", "VSET", "", "C", 66.93, 66.93, 43.31, 270],
		[86, "MCP4725_5", 2060, -530, "B", "DIP", "VSET", "", "C", 66.93, 66.93, 43.31, 270],
		[87, "PICO1_1", 795.59, -97.01, "T", "DIP", "PICO1_1", "", "O", 62.99, 51.18, 39.37, 0],
		[88, "PICO1_1", 795.59, -97.01, "B", "DIP", "PICO1_1", "", "O", 62.99, 51.18, 39.37, 0],
		[89, "PICO1_2", 795.59, -197.01, "T", "DIP", "V_SWITCH", "", "O", 62.99, 51.18, 39.37, 0],
		[90, "PICO1_2", 795.59, -197.01, "B", "DIP", "V_SWITCH", "", "O", 62.99, 51.18, 39.37, 0],
		[91, "PICO1_3", 795.59, -297.01, "T", "DIP", "GND", "GND", "O", 62.99, 51.18, 39.37, 0],
		[92, "PICO1_3", 795.59, -297.01, "B", "DIP", "GND", "GND", "O", 62.99, 51.18, 39.37, 0],
		[93, "PICO1_4", 795.59, -397.01, "T", "DIP", "I_SWITCH", "", "O", 62.99, 51.18, 39.37, 0],
		[94, "PICO1_4", 795.59, -397.01, "B", "DIP", "I_SWITCH", "", "O", 62.99, 51.18, 39.37, 0],
		[95, "PICO1_5", 795.59, -497.01, "T", "DIP", "RANGE1", "", "O", 62.99, 51.18, 39.37, 0],
		[96, "PICO1_5", 795.59, -497.01, "B", "DIP", "RANGE1", "", "O", 62.99, 51.18, 39.37, 0],
		[97, "PICO1_6", 795.59, -597.01, "T", "DIP", "RANGE2", "", "O", 62.99, 51.18, 39.37, 0],
		[98, "PICO1_6", 795.59, -597.01, "B", "DIP", "RANGE2", "", "O", 62.99, 51.18, 39.37, 0],
		[99, "PICO1_7", 795.59, -697.01, "T", "DIP", "PICO1_7", "", "O", 62.99, 51.18, 39.37, 0],
		[100, "PICO1_7", 795.59, -697.01, "B", "DIP", "PICO1_7", "", "O", 62.99, 51.18, 39.37, 0],
		[101, "PICO1_8", 795.59, -797.01, "T", "DIP", "PICO1_8", "", "O", 62.99, 51.18, 39.37, 0],
		[102, "PICO1_8", 795.59, -797.01, "B", "DIP", "PICO1_8", "", "O", 62.99, 51.18, 39.37, 0],
		[103, "PICO1_9", 795.59, -897.01, "T", "DIP", "PICO1_9", "", "O", 62.99, 51.18, 39.37, 0],
		[104, "PICO1_9", 795.59, -897.01, "B", "DIP", "PICO1_9", "", "O", 62.99, 51.18, 39.37, 0],
		[105, "PICO1_10", 795.59, -997.01, "T", "DIP", "PICO1_10", "", "O", 62.99, 51.18, 39.37, 0],
		[106, "PICO1_10", 795.59, -997.01, "B", "DIP", "PICO1_10", "", "O", 62.99, 51.18, 39.37, 0],
		[107, "PICO1_11", 795.59, -1097.01, "T", "DIP", "PICO1_11", "", "O", 62.99, 51.18, 39.37, 0],
		[108, "PICO1_11", 795.59, -1097.01, "B", "DIP", "PICO1_11", "", "O", 62.99, 51.18, 39.37, 0],
		[109, "PICO1_12", 795.59, -1197.01, "T", "DIP", "PICO1_12", "", "O", 62.99, 51.18, 39.37, 0],
		[110, "PICO1_12", 795.59, -1197.01, "B", "DIP", "PICO1_12", "", "O", 62.99, 51.18, 39.37, 0],
		[111, "PICO1_13", 795.59, -1297.01, "T", "DIP", "PICO1_13", "", "O", 62.99, 51.18, 39.37, 0],
		[112, "PICO1_13", 795.59, -1297.01, "B", "DIP", "PICO1_13", "", "O", 62.99, 51.18, 39.37, 0],
		[113, "PICO1_14", 795.59, -1397.01, "T", "DIP", "PICO1_14", "", "O", 62.99, 51.18, 39.37, 0],
		[114, "PICO1_14", 795.59, -1397.01, "B", "DIP", "PICO1_14", "", "O", 62.99, 51.18, 39.37, 0],
		[115, "PICO1_15", 795.59, -1497.01, "T", "DIP", "PICO1_15", "", "O", 62.99, 51.18, 39.37, 0],
		[116, "PICO1_15", 795.59, -1497.01, "B", "DIP", "PICO1_15", "", "O", 62.99, 51.18, 39.37, 0],
		[117, "PICO1_16", 795.59, -1597.01, "T", "DIP", "TX", "", "O", 62.99, 51.18, 39.37, 0],
		[118, "PICO1_16", 795.59, -1597.01, "B", "DIP", "TX", "", "O", 62.99, 51.18, 39.37, 0],
		[119, "PICO1_17", 795.59, -1697.01, "T", "DIP", "RX", "", "O", 62.99, 51.18, 39.37, 0],
		[120, "PICO1_17", 795.59, -1697.01, "B", "DIP", "RX", "", "O", 62.99, 51.18, 39.37, 0],
		[121, "PICO1_18", 795.59, -1797.01, "T", "DIP", "PICO1_18", "", "O", 62.99, 51.18, 39.37, 0],
		[122, "PICO1_18", 795.59, -1797.01, "B", "DIP", "PICO1_18", "", "O", 62.99, 51.18, 39.37, 0],
		[123, "PICO1_19", 795.59, -1897.01, "T", "DIP", "PICO1_19", "", "O", 62.99, 51.18, 39.37, 0],
		[124, "PICO1_19", 795.59, -1897.01, "B", "DIP", "PICO1_19", "", "O", 62.99, 51.18, 39.37, 0],
		[125, "PICO1_20", 795.59, -1997.01, "T", "DIP", "PICO1_20", "", "O", 62.99, 51.18, 39.37, 0],
		[126, "PICO1_20", 795.59, -1997.01, "B", "DIP", "PICO1_20", "", "O", 62.99, 51.18, 39.37, 0],
		[127, "PICO1_21", 1495.59, -1997.01, "T", "DIP", "PICO1_21", "", "O", 62.99, 51.18, 39.37, 0],
		[128, "PICO1_21", 1495.59, -1997.01, "B", "DIP", "PICO1_21", "", "O", 62.99, 51.18, 39.37, 0],
		[129, "PICO1_22", 1495.59, -1897.01, "T", "DIP", "PICO1_22", "", "O", 62.99, 51.18, 39.37, 0],
		[130, "PICO1_22", 1495.59, -1897.01, "B", "DIP", "PICO1_22", "", "O", 62.99, 51.18, 39.37, 0],
		[131, "PICO1_23", 1495.59, -1797.01, "T", "DIP", "PICO1_23", "", "O", 62.99, 51.18, 39.37, 0],
		[132, "PICO1_23", 1495.59, -1797.01, "B", "DIP", "PICO1_23", "", "O", 62.99, 51.18, 39.37, 0],
		[133, "PICO1_24", 1495.59, -1697.01, "T", "DIP", "SDA", "", "O", 62.99, 51.18, 39.37, 0],
		[134, "PICO1_24", 1495.59, -1697.01, "B", "DIP", "SDA", "", "O", 62.99, 51.18, 39.37, 0],
		[135, "PICO1_25", 1495.59, -1597.01, "T", "DIP", "SCL", "", "O", 62.99, 51.18, 39.37, 0],
		[136, "PICO1_25", 1495.59, -1597.01, "B", "DIP", "SCL", "", "O", 62.99, 51.18, 39.37, 0],
		[137, "PICO1_26", 1495.59, -1497.01, "T", "DIP", "PICO1_26", "", "O", 62.99, 51.18, 39.37, 0],
		[138, "PICO1_26", 1495.59, -1497.01, "B", "DIP", "PICO1_26", "", "O", 62.99, 51.18, 39.37, 0],
		[139, "PICO1_27", 1495.59, -1397.01, "T", "DIP", "PICO1_27", "", "O", 62.99, 51.18, 39.37, 0],
		[140, "PICO1_27", 1495.59, -1397.01, "B", "DIP", "PICO1_27", "", "O", 62.99, 51.18, 39.37, 0],
		[141, "PICO1_28", 1495.59, -1297.01, "T", "DIP", "PICO1_28", "", "O", 62.99, 51.18, 39.37, 0],
		[142, "PICO1_28", 1495.59, -1297.01, "B", "DIP", "PICO1_28", "", "O", 62.99, 51.18, 39.37, 0],
		[143, "PICO1_29", 1495.59, -1197.01, "T", "DIP", "PICO1_29", "", "O", 62.99, 51.18, 39.37, 0],
		[144, "PICO1_29", 1495.59, -1197.01, "B", "DIP", "PICO1_29", "", "O", 62.99, 51.18, 39.37, 0],
		[145, "PICO1_30", 1495.59, -1097.01, "T", "DIP", "PICO1_30", "", "O", 62.99, 51.18, 39.37, 0],
		[146, "PICO1_30", 1495.59, -1097.01, "B", "DIP", "PICO1_30", "", "O", 62.99, 51.18, 39.37, 0],
		[147, "PICO1_31", 1495.59, -997.01, "T", "DIP", "PICO1_31", "", "O", 62.99, 51.18, 39.37, 0],
		[148, "PICO1_31", 1495.59, -997.01, "B", "DIP", "PICO1_31", "", "O", 62.99, 51.18, 39.37, 0],
		[149, "PICO1_32", 1495.59, -897.01, "T", "DIP", "PICO1_32", "", "O", 62.99, 51.18, 39.37, 0],
		[150, "PICO1_32", 1495.59, -897.01, "B", "DIP", "PICO1_32", "", "O", 62.99, 51.18, 39.37, 0],
		[151, "PICO1_33", 1495.59, -797.01, "T", "DIP", "PICO1_33", "", "O", 62.99, 51.18, 39.37, 0],
		[152, "PICO1_33", 1495.59, -797.01, "B", "DIP", "PICO1_33", "", "O", 62.99, 51.18, 39.37, 0],
		[153, "PICO1_34", 1495.59, -697.01, "T", "DIP", "PICO1_34", "", "O", 62.99, 51.18, 39.37, 0],
		[154, "PICO1_34", 1495.59, -697.01, "B", "DIP", "PICO1_34", "", "O", 62.99, 51.18, 39.37, 0],
		[155, "PICO1_35", 1495.59, -597.01, "T", "DIP", "PICO1_35", "", "O", 62.99, 51.18, 39.37, 0],
		[156, "PICO1_35", 1495.59, -597.01, "B", "DIP", "PICO1_35", "", "O", 62.99, 51.18, 39.37, 0],
		[157, "PICO1_36", 1495.59, -497.01, "T", "DIP", "PICO1_36", "", "O", 62.99, 51.18, 39.37, 0],
		[158, "PICO1_36", 1495.59, -497.01, "B", "DIP", "PICO1_36", "", "O", 62.99, 51.18, 39.37, 0],
		[159, "PICO1_37", 1495.59, -397.01, "T", "DIP", "PICO1_37", "", "O", 62.99, 51.18, 39.37, 0],
		[160, "PICO1_37", 1495.59, -397.01, "B", "DIP", "PICO1_37", "", "O", 62.99, 51.18, 39.37, 0],
		[161, "PICO1_38", 1495.59, -297.01, "T", "DIP", "PICO1_38", "", "O", 62.99, 51.18, 39.37, 0],
		[162, "PICO1_38", 1495.59, -297.01, "B", "DIP", "PICO1_38", "", "O", 62.99, 51.18, 39.37, 0],
		[163, "PICO1_39", 1495.59, -197.01, "T", "DIP", "PICO1_39", "", "O", 62.99, 51.18, 39.37, 0],
		[164, "PICO1_39", 1495.59, -197.01, "B", "DIP", "PICO1_39", "", "O", 62.99, 51.18, 39.37, 0],
		[165, "PICO1_40", 1495.59, -97.01, "T", "DIP", "VCC", "", "O", 62.99, 51.18, 39.37, 0],
		[166, "PICO1_40", 1495.59, -97.01, "B", "DIP", "VCC", "", "O", 62.99, 51.18, 39.37, 0],
		[167, "R1_1", 3185, -515.79, "T", "DIP", "V1", "", "C", 55.12, 55.12, 31.5, 90],
		[168, "R1_1", 3185, -515.79, "B", "DIP", "V1", "", "C", 55.12, 55.12, 31.5, 90],
		[169, "R1_2", 3185, -114.21, "T", "DIP", "$1N2928", "", "C", 55.12, 55.12, 31.5, 90],
		[170, "R1_2", 3185, -114.21, "B", "DIP", "$1N2928", "", "C", 55.12, 55.12, 31.5, 90],
		[171, "R2_1", 3100.79, -650, "T", "DIP", "V1", "", "C", 55.12, 55.12, 31.5, 180],
		[172, "R2_1", 3100.79, -650, "B", "DIP", "V1", "", "C", 55.12, 55.12, 31.5, 180],
		[173, "R2_2", 2699.21, -650, "T", "DIP", "V6-", "", "C", 55.12, 55.12, 31.5, 180],
		[174, "R2_2", 2699.21, -650, "B", "DIP", "V6-", "", "C", 55.12, 55.12, 31.5, 180],
		[175, "R3_1", 3095.79, -830, "T", "DIP", "V1", "", "C", 55.12, 55.12, 31.5, 180],
		[176, "R3_1", 3095.79, -830, "B", "DIP", "V1", "", "C", 55.12, 55.12, 31.5, 180],
		[177, "R3_2", 2694.21, -830, "T", "DIP", "V_OUT", "", "C", 55.12, 55.12, 31.5, 180],
		[178, "R3_2", 2694.21, -830, "B", "DIP", "V_OUT", "", "C", 55.12, 55.12, 31.5, 180],
		[179, "R4_1", 2195, -1234.21, "T", "DIP", "$1N3893", "", "C", 55.12, 55.12, 31.5, 270],
		[180, "R4_1", 2195, -1234.21, "B", "DIP", "$1N3893", "", "C", 55.12, 55.12, 31.5, 270],
		[181, "R4_2", 2195, -1635.79, "T", "DIP", "$1N3984", "", "C", 55.12, 55.12, 31.5, 270],
		[182, "R4_2", 2195, -1635.79, "B", "DIP", "$1N3984", "", "C", 55.12, 55.12, 31.5, 270],
		[183, "R5_1", 2415.79, -1830, "T", "DIP", "$1N11195", "", "C", 55.12, 55.12, 31.5, 180],
		[184, "R5_1", 2415.79, -1830, "B", "DIP", "$1N11195", "", "C", 55.12, 55.12, 31.5, 180],
		[185, "R5_2", 2014.21, -1830, "T", "DIP", "$1N3893", "", "C", 55.12, 55.12, 31.5, 180],
		[186, "R5_2", 2014.21, -1830, "B", "DIP", "$1N3893", "", "C", 55.12, 55.12, 31.5, 180],
		[187, "R6_1", 2014.21, -2070, "T", "DIP", "$1N3893", "", "C", 55.12, 55.12, 31.5, 0],
		[188, "R6_1", 2014.21, -2070, "B", "DIP", "$1N3893", "", "C", 55.12, 55.12, 31.5, 0],
		[189, "R6_2", 2415.79, -2070, "T", "DIP", "$1N11201", "", "C", 55.12, 55.12, 31.5, 0],
		[190, "R6_2", 2415.79, -2070, "B", "DIP", "$1N11201", "", "C", 55.12, 55.12, 31.5, 0],
		[191, "R7_1", 1805, -1779.21, "T", "DIP", "$1N3984", "", "C", 55.12, 55.12, 31.5, 270],
		[192, "R7_1", 1805, -1779.21, "B", "DIP", "$1N3984", "", "C", 55.12, 55.12, 31.5, 270],
		[193, "R7_2", 1805, -2180.79, "T", "DIP", "I_IN", "", "C", 55.12, 55.12, 31.5, 270],
		[194, "R7_2", 1805, -2180.79, "B", "DIP", "I_IN", "", "C", 55.12, 55.12, 31.5, 270],
		[195, "RELAY_I_1", 3625, -3370, "T", "DIP", "GND", "GND", "R", 59.05, 59.05, 39.37, 180],
		[196, "RELAY_I_1", 3625, -3370, "B", "DIP", "GND", "GND", "R", 59.05, 59.05, 39.37, 180],
		[197, "RELAY_I_2", 3525, -3370, "T", "DIP", "VCC", "", "C", 59.05, 59.05, 39.37, 180],
		[198, "RELAY_I_2", 3525, -3370, "B", "DIP", "VCC", "", "C", 59.05, 59.05, 39.37, 180],
		[199, "RELAY_I_3", 3425, -3370, "T", "DIP", "I_SWITCH", "", "C", 59.05, 59.05, 39.37, 180],
		[200, "RELAY_I_3", 3425, -3370, "B", "DIP", "I_SWITCH", "", "C", 59.05, 59.05, 39.37, 180],
		[201, "RELAY_RANGE1_1", 2725, -2950, "T", "DIP", "GND", "GND", "R", 59.05, 59.05, 39.37, 0],
		[202, "RELAY_RANGE1_1", 2725, -2950, "B", "DIP", "GND", "GND", "R", 59.05, 59.05, 39.37, 0],
		[203, "RELAY_RANGE1_2", 2825, -2950, "T", "DIP", "VCC", "", "C", 59.05, 59.05, 39.37, 0],
		[204, "RELAY_RANGE1_2", 2825, -2950, "B", "DIP", "VCC", "", "C", 59.05, 59.05, 39.37, 0],
		[205, "RELAY_RANGE1_3", 2925, -2950, "T", "DIP", "RANGE1", "", "C", 59.05, 59.05, 39.37, 0],
		[206, "RELAY_RANGE1_3", 2925, -2950, "B", "DIP", "RANGE1", "", "C", 59.05, 59.05, 39.37, 0],
		[207, "RELAY_RANGE2_1", 2925, -3705, "T", "DIP", "GND", "GND", "R", 59.05, 59.05, 39.37, 180],
		[208, "RELAY_RANGE2_1", 2925, -3705, "B", "DIP", "GND", "GND", "R", 59.05, 59.05, 39.37, 180],
		[209, "RELAY_RANGE2_2", 2825, -3705, "T", "DIP", "VCC", "", "C", 59.05, 59.05, 39.37, 180],
		[210, "RELAY_RANGE2_2", 2825, -3705, "B", "DIP", "VCC", "", "C", 59.05, 59.05, 39.37, 180],
		[211, "RELAY_RANGE2_3", 2725, -3705, "T", "DIP", "RANGE2", "", "C", 59.05, 59.05, 39.37, 180],
		[212, "RELAY_RANGE2_3", 2725, -3705, "B", "DIP", "RANGE2", "", "C", 59.05, 59.05, 39.37, 180],
		[213, "RELAY_V_1", 3415, -2575, "T", "DIP", "GND", "GND", "R", 59.05, 59.05, 39.37, 0],
		[214, "RELAY_V_1", 3415, -2575, "B", "DIP", "GND", "GND", "R", 59.05, 59.05, 39.37, 0],
		[215, "RELAY_V_2", 3515, -2575, "T", "DIP", "VCC", "", "C", 59.05, 59.05, 39.37, 0],
		[216, "RELAY_V_2", 3515, -2575, "B", "DIP", "VCC", "", "C", 59.05, 59.05, 39.37, 0],
		[217, "RELAY_V_3", 3615, -2575, "T", "DIP", "V_SWITCH", "", "C", 59.05, 59.05, 39.37, 0],
		[218, "RELAY_V_3", 3615, -2575, "B", "DIP", "V_SWITCH", "", "C", 59.05, 59.05, 39.37, 0],
		[219, "U1_1", 2655, -165, "T", "DIP", "$1N2928", "", "C", 70.87, 70.87, 39.37, 270],
		[220, "U1_1", 2655, -165, "B", "DIP", "$1N2928", "", "C", 70.87, 70.87, 39.37, 270],
		[221, "U1_2", 2655, -265, "T", "DIP", "$1N2928", "", "C", 70.87, 70.87, 39.37, 270],
		[222, "U1_2", 2655, -265, "B", "DIP", "$1N2928", "", "C", 70.87, 70.87, 39.37, 270],
		[223, "U1_3", 2655, -365, "T", "DIP", "VSET", "", "C", 70.87, 70.87, 39.37, 270],
		[224, "U1_3", 2655, -365, "B", "DIP", "VSET", "", "C", 70.87, 70.87, 39.37, 270],
		[225, "U1_4", 2655, -465, "T", "DIP", "V6-", "", "C", 70.87, 70.87, 39.37, 270],
		[226, "U1_4", 2655, -465, "B", "DIP", "V6-", "", "C", 70.87, 70.87, 39.37, 270],
		[227, "U1_5", 2955, -465, "T", "DIP", "GND", "GND", "C", 75, 75, 39.37, 270],
		[228, "U1_5", 2955, -465, "B", "DIP", "GND", "GND", "C", 75, 75, 39.37, 270],
		[229, "U1_6", 2955, -365, "T", "DIP", "V1", "", "C", 75, 75, 39.37, 270],
		[230, "U1_6", 2955, -365, "B", "DIP", "V1", "", "C", 75, 75, 39.37, 270],
		[231, "U1_7", 2955, -265, "T", "DIP", "V_OUT", "", "C", 70.87, 70.87, 39.37, 270],
		[232, "U1_7", 2955, -265, "B", "DIP", "V_OUT", "", "C", 70.87, 70.87, 39.37, 270],
		[233, "U1_8", 2955, -165, "T", "DIP", "V6+", "", "C", 70.87, 70.87, 39.37, 270],
		[234, "U1_8", 2955, -165, "B", "DIP", "V6+", "", "C", 70.87, 70.87, 39.37, 270],
		[235, "U2_1", 2940, -1530, "T", "DIP", "V_CE", "", "C", 70.87, 70.87, 39.37, 90],
		[236, "U2_1", 2940, -1530, "B", "DIP", "V_CE", "", "C", 70.87, 70.87, 39.37, 90],
		[237, "U2_2", 2940, -1430, "T", "DIP", "V_RE", "", "C", 70.87, 70.87, 39.37, 90],
		[238, "U2_2", 2940, -1430, "B", "DIP", "V_RE", "", "C", 70.87, 70.87, 39.37, 90],
		[239, "U2_3", 2940, -1330, "T", "DIP", "V_OUT", "", "C", 70.87, 70.87, 39.37, 90],
		[240, "U2_3", 2940, -1330, "B", "DIP", "V_OUT", "", "C", 70.87, 70.87, 39.37, 90],
		[241, "U2_4", 2940, -1230, "T", "DIP", "V6-", "", "C", 70.87, 70.87, 39.37, 90],
		[242, "U2_4", 2940, -1230, "B", "DIP", "V6-", "", "C", 70.87, 70.87, 39.37, 90],
		[243, "U2_5", 2640, -1230, "T", "DIP", "GND", "GND", "C", 75, 75, 39.37, 90],
		[244, "U2_5", 2640, -1230, "B", "DIP", "GND", "GND", "C", 75, 75, 39.37, 90],
		[245, "U2_6", 2640, -1330, "T", "DIP", "$1N3893", "", "C", 75, 75, 39.37, 90],
		[246, "U2_6", 2640, -1330, "B", "DIP", "$1N3893", "", "C", 75, 75, 39.37, 90],
		[247, "U2_7", 2640, -1430, "T", "DIP", "$1N3984", "", "C", 70.87, 70.87, 39.37, 90],
		[248, "U2_7", 2640, -1430, "B", "DIP", "$1N3984", "", "C", 70.87, 70.87, 39.37, 90],
		[249, "U2_8", 2640, -1530, "T", "DIP", "V6+", "", "C", 70.87, 70.87, 39.37, 90],
		[250, "U2_8", 2640, -1530, "B", "DIP", "V6+", "", "C", 70.87, 70.87, 39.37, 90]
	]
}
}