{
"lengthUnit": "mil",
"components": {
	"fields": ["COMPONENT_NO", "COMPONENT_NAME", "LAYER", "X_COORDINATE", "Y_COORDINATE", "ANGLE"],
	"rows": [
		[1, "ADS1115", "T", 1700, -2990, 270],
		[2, "C1", "T", 3500, -945, 270],
		[3, "C2", "T", 2400, -1400, 270],
		[4, "C3", "T", 3200, -210, 0],
		[5, "C4", "T", 2510, -365, 270],
		[6, "C5", "T", 2740, -1720, 0],
		[7, "C6", "T", 3120, -1125, 90],
		[8, "DCDC1", "T", 2345, -875, 0],
		[9, "ELECTRODES", "T", 3500, -1370, 90],
		[10, "INA219", "T", 1530, -2110, 270],
		[11, "J_COM", "T", 375, -190, 180],
		[12, "J_I", "T", 3455, -1665, 180],
		[13, "J_RANGE1", "T", 2635, -1915, 0],
		[14, "J_RANGE2", "T", 2640, -2165, 180],
		[15, "J_V", "T", 3455, -1915, 0],
		[16, "MCP4725", "T", 2060, -330, 270],
		[17, "PICO1", "T", 1140, -760, 270],
		[18, "R1", "T", 3505, -460, 90],
		[19, "R2", "T", 2900, -650, 180],
		[20, "R3", "T", 2895, -830, 180],
		[21, "R4", "T", 2195, -1435, 270],
		[22, "R5", "T", 2215, -1830, 180],
		[23, "R6", "T", 2215, -2070, 0],
		[24, "R7", "T", 1805, -1980, 270],
		[25, "RELAY_I", "T", 3525, -3370, 180],
		[26, "RELAY_RANGE1", "T", 2825, -2950, 0],
		[27, "RELAY_RANGE2", "T", 2825, -3705, 180],
		[28, "RELAY_V", "T", 3515, -2575, 0],
		[29, "U1", "T", 2805, -315, 270],
		[30, "U2", "T", 2790, -1380, 90]
	]
},
"pins": {
	"fields": ["PIN_NO", "PIN_NAME", "PIN_X", "PIN_Y", "LAYER", "PIN_TYPE", "NET_NAME", "NET_TYPE", "PAD_SHAPE", "PAD_SIZEX", "PAD_SIZEY", "HOLE_SIZE", "PAD_ANGLE"],
	"rows": [
		[1, "ADS1115_1", 1700, -2540, "T", "DIP", "VCC", "", "R", 62, 66.93, 43.31, 270],
		[2, "ADS1115_1", 1700, -2540, "B", "DIP", "VCC", "", "R", 62, 66.93, 43.31, 270],
		[3, "ADS1115_2", 1700, -2640, "T", "DIP", "GND", "GND", "C", 66.93, 66.93, 43.31, 270],
		[4, "ADS1115_2", 1700, -2640, "B", "DIP", "GND", "GND", "C", 66.93, 66.93, 43.31, 270],
		[5, "ADS1115_3", 1700, -2740, "T", "DIP", "SCL", "", "C", 66.93, 66.93, 43.31, 270],
		[6, "ADS1115_3", 1700, -2740, "B", "DIP", "SCL", "", "C", 66.93, 66.93, 43.31, 270],
		[7, "ADS1115_4", 1700, -2840, "T", "DIP", "SDA", "", "C", 66.93, 66.93, 43.31, 270],
		[8, "ADS1115_4", 1700, -2840, "B", "DIP", "SDA", "", "C", 66.93, 66.93, 43.31, 270],
		[9, "ADS1115_5", 1700, -2940, "T", "DIP", "ADS1115_5", "", "C", 66.93, 66.93, 43.31, 270],
		[10, "ADS1115_5", 1700, -2940, "B", "DIP", "ADS1115_5", "", "C", 66.93, 66.93, 43.31, 270],
		[11, "ADS1115_6", 1700, -3040, "T", "DIP", "ADS1115_6", "", "C", 66.93, 66.93, 43.31, 270],
		[12, "ADS1115_6", 1700, -3040, "B", "DIP", "ADS1115_6", "", "C", 66.93, 66.93, 43.31, 270],
		[13, "ADS1115_7", 1700, -3140, "T", "DIP", "$1N5030", "", "C", 66.93, 66.93, 43.31, 270],
		[14, "ADS1115_7", 1700, -3140, "B", "DIP", "$1N5030", "", "C", 66.93, 66.93, 43.31, 270],
		[15, "ADS1115_8", 1700, -3240, "T", "DIP", "ADS1115_8", "", "C", 66.93, 66.93, 43.31, 270],
		[16, "ADS1115_8", 1700, -3240, "B", "DIP", "ADS1115_8", "", "C", 66.93, 66.93, 43.31, 270],
		[17, "ADS1115_9", 1700, -3340, "T", "DIP", "ADS1115_9", "", "C", 66.93, 66.93, 43.31, 270],
		[18, "ADS1115_9", 1700, -3340, "B", "DIP", "ADS1115_9", "", "C", 66.93, 66.93, 43.31, 270],
		[19, "ADS1115_10", 1700, -3440, "T", "DIP", "ADS1115_10", "", "C", 66.93, 66.93, 43.31, 270],
		[20, "ADS1115_10", 1700, -3440, "B", "DIP", "ADS1115_10", "", "C", 66.93, 66.93, 43.31, 270],
		[21, "C1_1", 3500, -843.62, "T", "DIP", "V1", "", "C", 70.87, 70.87, 47.24, 270],
		[22, "C1_1", 3500, -843.62, "B", "DIP", "V1", "", "C", 70.87, 70.87, 47.24, 270],
		[23, "C1_2", 3500, -1046.38, "T", "DIP", "V_OUT", "", "C", 70.87, 70.87, 47.24, 270],
		[24, "C1_2", 3500, -1046.38, "B", "DIP", "V_OUT", "", "C", 70.87, 70.87, 47.24, 270],
		[25, "C2_1", 2400, -1298.62, "T", "DIP", "$1N3893", "", "C", 70.87, 70.87, 47.24, 270],
		[26, "C2_1", 2400, -1298.62, "B", "DIP", "$1N3893", "", "C", 70.87, 70.87, 47.24, 270],
		[27, "C2_2", 2400, -1501.38, "T", "DIP", "$1N3984", "", "C", 70.87, 70.87, 47.24, 270],
		[28, "C2_2", 2400, -1501.38, "B", "DIP", "$1N3984", "", "C", 70.87, 70.87, 47.24, 270],
		[29, "C3_1", 3098.62, -210, "T", "DIP", "V6+", "", "C", 70.87, 70.87, 47.24, 0],
		[30, "C3_1", 3098.62, -210, "B", "DIP", "V6+", "", "C", 70.87, 70.87, 47.24, 0],
		[31, "C3_2", 3301.38, -210, "T", "DIP", "GND", "GND", "C", 70.87, 70.87, 47.24, 0],
		[32, "C3_2", 3301.38, -210, "B", "DIP", "GND", "GND", "C", 70.87, 70.87, 47.24, 0],
		[33, "C4_1", 2510, -263.62, "T", "DIP", "GND", "GND", "C", 70.87, 70.87, 47.24, 270],
		[34, "C4_1", 2510, -263.62, "B", "DIP", "GND", "GND", "C", 70.87, 70.87, 47.24, 270],
		[35, "C4_2", 2510, -466.38, "T", "DIP", "V6-", "", "C", 70.87, 70.87, 47.24, 270],
		[36, "C4_2", 2510, -466.38, "B", "DIP", "V6-", "", "C", 70.87, 70.87, 47.24, 270],
		[37, "C5_1", 2638.62, -1720, "T", "DIP", "V6+", "", "C", 70.87, 70.87, 47.24, 0],
		[38, "C5_1", 2638.62, -1720, "B", "DIP", "V6+", "", "C", 70.87, 70.87, 47.24, 0],
		[39, "C5_2", 2841.38, -1720, "T", "DIP", "GND", "GND", "C", 70.87, 70.87, 47.24, 0],
		[40, "C5_2", 2841.38, -1720, "B", "DIP", "GND", "GND", "C", 70.87, 70.87, 47.24, 0],
		[41, "C6_1", 3120, -1226.38, "T", "DIP", "V6-", "", "C", 70.87, 70.87, 47.24, 90],
		[42, "C6_1", 3120, -1226.38, "B", "DIP", "V6-", "", "C", 70.87, 70.87, 47.24, 90],
		[43, "C6_2", 3120, -1023.62, "T", "DIP", "GND", "GND", "C", 70.87, 70.87, 47.24, 90],
		[44, "C6_2", 3120, -1023.62, "B", "DIP", "GND", "GND", "C", 70.87, 70.87, 47.24, 90],
		[45, "DCDC1_1", 2145, -875, "T", "DIP", "V6-", "", "R", 66.93, 66.93, 43.31, 0],
		[46, "DCDC1_1", 2145, -875, "B", "DIP", "V6-", "", "R", 66.93, 66.93, 43.31, 0],
		[47, "DCDC1_2", 2245, -875, "T", "DIP", "DCDC1_2", "", "C", 66.93, 66.93, 43.31, 0],
		[48, "DCDC1_2", 2245, -875, "B", "DIP", "DCDC1_2", "", "C", 66.93, 66.93, 43.31, 0],
		[49, "DCDC1_3", 2345, -875, "T", "DIP", "V6+", "", "R", 66.93, 66.93, 43.31, 0],
		[50, "DCDC1_3", 2345, -875, "B", "DIP", "V6+", "", "R", 66.93, 66.93, 43.31, 0],
		[51, "DCDC1_4", 2445, -875, "T", "DIP", "GND", "GND", "C", 66.93, 66.93, 43.31, 0],
		[52, "DCDC1_4", 2445, -875, "B", "DIP", "GND", "GND", "C", 66.93, 66.93, 43.31, 0],
		[53, "DCDC1_5", 2545, -875, "T", "DIP", "VCC", "", "R", 66.93, 66.93, 43.31, 0],
		[54, "DCDC1_5", 2545, -875, "B", "DIP", "VCC", "", "R", 66.93, 66.93, 43.31, 0],
		[55, "ELECTRODES_1", 3500, -1470, "T", "DIP", "V_CE", "", "R", 59.05, 59.05, 39.37, 90],
		[56, "ELECTRODES_1", 3500, -1470, "B", "DIP", "V_CE", "", "R", 59.05, 59.05, 39.37, 90],
		[57, "ELECTRODES_2", 3500, -1370, "T", "DIP", "V_RE", "", "C", 59.05, 59.05, 39.37, 90],
		[58, "ELECTRODES_2", 3500, -1370, "B", "DIP", "V_RE", "", "C", 59.05, 59.05, 39.37, 90],
		[59, "ELECTRODES_3", 3500, -1270, "T", "DIP", "V_WE", "", "C", 59.05, 59.05, 39.37, 90],
		[60, "ELECTRODES_3", 3500, -1270, "B", "DIP", "V_WE", "", "C", 59.05, 59.05, 39.37, 90],
		[61, "INA219_1", 1471.18, -2519.45, "T", "DIP", "VCC", "", "C", 74.8, 74.8, 43.31, 270],
		[62, "INA219_1", 1471.18, -2519.45, "B", "DIP", "VCC", "", "C", 74.8, 74.8, 43.31, 270],
		[63, "INA219_2", 1471.18, -2619.45, "T", "DIP", "GND", "GND", "C", 74.8, 74.8, 43.31, 270],
		[64, "INA219_2", 1471.18, -2619.45, "B", "DIP", "GND", "GND", "C", 74.8, 74.8, 43.31, 270],
		[65, "INA219_3", 1471.18, -2719.45, "T", "DIP", "SCL", "", "C", 74.8, 74.8, 43.31, 270],
		[66, "INA219_3", 1471.18, -2719.45, "B", "DIP", "SCL", "", "C", 74.8, 74.8, 43.31, 270],
		[67, "INA219_4", 1471.18, -2819.45, "T", "DIP", "SDA", "", "C", 74.8, 74.8, 43.31, 270],
		[68, "INA219_4", 1471.18, -2819.45, "B", "DIP", "SDA", "", "C", 74.8, 74.8, 43.31, 270],
		[69, "INA219_5", 1471.18, -2919.45, "T", "DIP", "GND", "GND", "C", 74.8, 74.8, 43.31, 270],
		[70, "INA219_5", 1471.18, -2919.45, "B", "DIP", "GND", "GND", "C", 74.8, 74.8, 43.31, 270],
		[71, "INA219_6", 1471.18, -3019.45, "T", "DIP", "I_IN", "", "C", 74.8, 74.8, 43.31, 270],
		[72, "INA219_6", 1471.18, -3019.45, "B", "DIP", "I_IN", "", "C", 74.8, 74.8, 43.31, 270],
		[73, "J_COM_1", 425, -190, "T", "DIP", "TX", "", "R", 70.87, 70.87, 39.37, 180],
		[74, "J_COM_1", 425, -190, "B", "DIP", "TX", "", "R", 70.87, 70.87, 39.37, 180],
		[75, "J_COM_2", 325, -190, "T", "DIP", "RX", "", "C", 70.87, 70.87, 39.37, 180],
		[76, "J_COM_2", 325, -190, "B", "DIP", "RX", "", "C", 70.87, 70.87, 39.37, 180],
		[77, "J_I_1", 3505, -1665, "T", "DIP", "V_WE", "", "R", 70.87, 70.87, 39.37, 180],
		[78, "J_I_1", 3505, -1665, "B", "DIP", "V_WE", "", "R", 70.87, 70.87, 39.37, 180],
		[79, "J_I_2", 3405, -1665, "T", "DIP", "$1N3893", "", "C", 70.87, 70.87, 39.37, 180],
		[80, "J_I_2", 3405, -1665, "B", "DIP", "$1N3893", "", "C", 70.87, 70.87, 39.37, 180],
		[81, "J_RANGE1_1", 2585, -1915, "T", "DIP", "$1N3984", "", "R", 70.87, 70.87, 39.37, 0],
		[82, "J_RANGE1_1", 2585, -1915, "B", "DIP", "$1N3984", "", "R", 70.87, 70.87, 39.37, 0],
		[83, "J_RANGE1_2", 2685, -1915, "T", "DIP", "$1N11195", "", "C", 70.87, 70.87, 39.37, 0],
		[84, "J_RANGE1_2", 2685, -1915, "B", "DIP", "$1N11195", "", "C", 70.87, 70.87, 39.37, 0],
		[85, "J_RANGE2_1", 2690, -2165, "T", "DIP", "$1N11195", "", "R", 70.87, 70.87, 39.37, 180],
		[86, "J_RANGE2_1", 2690, -2165, "B", "DIP", "$1N11195", "", "R", 70.87, 70.87, 39.37, 180],
		[87, "J_RANGE2_2", 2590, -2165, "T", "DIP", "$1N11201", "", "C", 70.87, 70.87, 39.37, 180],
		[88, "J_RANGE2_2", 2590, -2165, "B", "DIP", "$1N11201", "", "C", 70.87, 70.87, 39.37, 180],
		[89, "J_V_1", 3405, -1915, "T", "DIP", "$1N5030", "", "R", 70.87, 70.87, 39.37, 0],
		[90, "J_V_1", 3405, -1915, "B", "DIP", "$1N5030", "", "R", 70.87, 70.87, 39.37, 0],
		[91, "J_V_2", 3505, -1915, "T", "DIP", "V_RE", "", "C", 70.87, 70.87, 39.37, 0],
		[92, "J_V_2", 3505, -1915, "B", "DIP", "V_RE", "", "C", 70.87, 70.87, 39.37, 0],
		[93, "MCP4725_1", 2060, -130, "T", "DIP", "VCC", "", "R", 66.93, 66.93, 43.31, 270],
		[94, "MCP4725_1", 2060, -130, "B", "DIP", "VCC", "", "R", 66.93, 66.93, 43.31, 270],
		[95, "MCP4725_2", 2060, -230, "T", "DIP", "GND", "GND", "C", 66.93, 66.93, 43.31, 270],
		[96, "MCP4725_2", 2060, -230, "B", "DIP", "GND", "GND", "C", 66.93, 66.93, 43.31, 270],
		[97, "MCP4725_3", 2060, -330, "T", "DIP", "SCL", "", "C", 66.93, 66.93, 43.31, 270],
		[98, "MCP4725_3", 2060, -330, "B", "DIP", "SCL", "", "C", 66.93, 66.93, 43.31, 270],
		[99, "MCP4725_4", 2060, -430, "T", "DIP", "SDA", "", "C", 66.93, 66.93, 43.31, 270],
		[100, "MCP4725_4", 2060, -430, "B", "DIP", "SDA", "", "C", 66.93, 66.93, 43.31, 270],
		[101, "MCP4725_5", 2060, -530, "T", "DIP", "VSET", "", "C", 66.93, 66.93, 43.31, 270],
		[102, "MCP4725_5", 2060, -530, "B", "DIP", "VSET", "", "C", 66.93, 66.93, 43.31, 270],
		[103, "PICO1_1", 795.59, -97.01, "T", "DIP", "PICO1_1", "", "O", 62.99, 51.18, 39.37, 0],
		[104, "PICO1_1", 795.59, -97.01, "B", "DIP", "PICO1_1", "", "O", 62.99, 51.18, 39.37, 0],
		[105, "PICO1_2", 795.59, -197.01, "T", "DIP", "V_SWITCH", "", "O", 62.99, 51.18, 39.37, 0],
		[106, "PICO1_2", 795.59, -197.01, "B", "DIP", "V_SWITCH", "", "O", 62.99, 51.18, 39.37, 0],
		[107, "PICO1_3", 795.59, -297.01, "T", "DIP", "GND", "GND", "O", 62.99, 51.18, 39.37, 0],
		[108, "PICO1_3", 795.59, -297.01, "B", "DIP", "GND", "GND", "O", 62.99, 51.18, 39.37, 0],
		[109, "PICO1_4", 795.59, -397.01, "T", "DIP", "I_SWITCH", "", "O", 62.99, 51.18, 39.37, 0],
		[110, "PICO1_4", 795.59, -397.01, "B", "DIP", "I_SWITCH", "", "O", 62.99, 51.18, 39.37, 0],
		[111, "PICO1_5", 795.59, -497.01, "T", "DIP", "RANGE1", "", "O", 62.99, 51.18, 39.37, 0],
		[112, "PICO1_5", 795.59, -497.01, "B", "DIP", "RANGE1", "", "O", 62.99, 51.18, 39.37, 0],
		[113, "PICO1_6", 795.59, -597.01, "T", "DIP", "RANGE2", "", "O", 62.99, 51.18, 39.37, 0],
		[114, "PICO1_6", 795.59, -597.01, "B", "DIP", "RANGE2", "", "O", 62.99, 51.18, 39.37, 0],
		[115, "PICO1_7", 795.59, -697.01, "T", "DIP", "PICO1_7", "", "O", 62.99, 51.18, 39.37, 0],
		[116, "PICO1_7", 795.59, -697.01, "B", "DIP", "PICO1_7", "", "O", 62.99, 51.18, 39.37, 0],
		[117, "PICO1_8", 795.59, -797.01, "T", "DIP", "PICO1_8", "", "O", 62.99, 51.18, 39.37, 0],
		[118, "PICO1_8", 795.59, -797.01, "B", "DIP", "PICO1_8", "", "O", 62.99, 51.18, 39.37, 0],
		[119, "PICO1_9", 795.59, -897.01, "T", "DIP", "PICO1_9", "", "O", 62.99, 51.18, 39.37, 0],
		[120, "PICO1_9", 795.59, -897.01, "B", "DIP", "PICO1_9", "", "O", 62.99, 51.18, 39.37, 0],
		[121, "PICO1_10", 795.59, -997.01, "T", "DIP", "PICO1_10", "", "O", 62.99, 51.18, 39.37, 0],
		[122, "PICO1_10", 795.59, -997.01, "B", "DIP", "PICO1_10", "", "O", 62.99, 51.18, 39.37, 0],
		[123, "PICO1_11", 795.59, -1097.01, "T", "DIP", "PICO1_11", "", "O", 62.99, 51.18, 39.37, 0],
		[124, "PICO1_11", 795.59, -1097.01, "B", "DIP", "PICO1_11", "", "O", 62.99, 51.18, 39.37, 0],
		[125, "PICO1_12", 795.59, -1197.01, "T", "DIP", "PICO1_12", "", "O", 62.99, 51.18, 39.37, 0],
		[126, "PICO1_12", 795.59, -1197.01, "B", "DIP", "PICO1_12", "", "O", 62.99, 51.18, 39.37, 0],
		[127, "PICO1_13", 795.59, -1297.01, "T", "DIP", "PICO1_13", "", "O", 62.99, 51.18, 39.37, 0],
		[128, "PICO1_13", 795.59, -1297.01, "B", "DIP", "PICO1_13", "", "O", 62.99, 51.18, 39.37, 0],
		[129, "PICO1_14", 795.59, -1397.01, "T", "DIP", "PICO1_14", "", "O", 62.99, 51.18, 39.37, 0],
		[130, "PICO1_14", 795.59, -1397.01, "B", "DIP", "PICO1_14", "", "O", 62.99, 51.18, 39.37, 0],
		[131, "PICO1_15", 795.59, -1497.01, "T", "DIP", "PICO1_15", "", "O", 62.99, 51.18, 39.37, 0],
		[132, "PICO1_15", 795.59, -1497.01, "B", "DIP", "PICO1_15", "", "O", 62.99, 51.18, 39.37, 0],
		[133, "PICO1_16", 795.59, -1597.01, "T", "DIP", "TX", "", "O", 62.99, 51.18, 39.37, 0],
		[134, "PICO1_16", 795.59, -1597.01, "B", "DIP", "TX", "", "O", 62.99, 51.18, 39.37, 0],
		[135, "PICO1_17", 795.59, -1697.01, "T", "DIP", "RX", "", "O", 62.99, 51.18, 39.37, 0],
		[136, "PICO1_17", 795.59, -1697.01, "B", "DIP", "RX", "", "O", 62.99, 51.18, 39.37, 0],
		[137, "PICO1_18", 795.59, -1797.01, "T", "DIP", "PICO1_18", "", "O", 62.99, 51.18, 39.37, 0],
		[138, "PICO1_18", 795.59, -1797.01, "B", "DIP", "PICO1_18", "", "O", 62.99, 51.18, 39.37, 0],
		[139, "PICO1_19", 795.59, -1897.01, "T", "DIP", "PICO1_19", "", "O", 62.99, 51.18, 39.37, 0],
		[140, "PICO1_19", 795.59, -1897.01, "B", "DIP", "PICO1_19", "", "O", 62.99, 51.18, 39.37, 0],
		[141, "PICO1_20", 795.59, -1997.01, "T", "DIP", "PICO1_20", "", "O", 62.99, 51.18, 39.37, 0],
		[142, "PICO1_20", 795.59, -1997.01, "B", "DIP", "PICO1_20", "", "O", 62.99, 51.18, 39.37, 0],
		[143, "PICO1_21", 1495.59, -1997.01, "T", "DIP", "PICO1_21", "", "O", 62.99, 51.18, 39.37, 0],
		[144, "PICO1_21", 1495.59, -1997.01, "B", "DIP", "PICO1_21", "", "O", 62.99, 51.18, 39.37, 0],
		[145, "PICO1_22", 1495.59, -1897.01, "T", "DIP", "PICO1_22", "", "O", 62.99, 51.18, 39.37, 0],
		[146, "PICO1_22", 1495.59, -1897.01, "B", "DIP", "PICO1_22", "", "O", 62.99, 51.18, 39.37, 0],
		[147, "PICO1_23", 1495.59, -1797.01, "T", "DIP", "PICO1_23", "", "O", 62.99, 51.18, 39.37, 0],
		[148, "PICO1_23", 1495.59, -1797.01, "B", "DIP", "PICO1_23", "", "O", 62.99, 51.18, 39.37, 0],
		[149, "PICO1_24", 1495.59, -1697.01, "T", "DIP", "SDA", "", "O", 62.99, 51.18, 39.37, 0],
		[150, "PICO1_24", 1495.59, -1697.01, "B", "DIP", "SDA", "", "O", 62.99, 51.18, 39.37, 0],
		[151, "PICO1_25", 1495.59, -1597.01, "T", "DIP", "SCL", "", "O", 62.99, 51.18, 39.37, 0],
		[152, "PICO1_25", 1495.59, -1597.01, "B", "DIP", "SCL", "", "O", 62.99, 51.18, 39.37, 0],
		[153, "PICO1_26", 1495.59, -1497.01, "T", "DIP", "PICO1_26", "", "O", 62.99, 51.18, 39.37, 0],
		[154, "PICO1_26", 1495.59, -1497.01, "B", "DIP", "PICO1_26", "", "O", 62.99, 51.18, 39.37, 0],
		[155, "PICO1_27", 1495.59, -1397.01, "T", "DIP", "PICO1_27", "", "O", 62.99, 51.18, 39.37, 0],
		[156, "PICO1_27", 1495.59, -1397.01, "B", "DIP", "PICO1_27", "", "O", 62.99, 51.18, 39.37, 0],
		[157, "PICO1_28", 1495.59, -1297.01, "T", "DIP", "PICO1_28", "", "O", 62.99, 51.18, 39.37, 0],
		[158, "PICO1_28", 1495.59, -1297.01, "B", "DIP", "PICO1_28", "", "O", 62.99, 51.18, 39.37, 0],
		[159, "PICO1_29", 1495.59, -1197.01, "T", "DIP", "PICO1_29", "", "O", 62.99, 51.18, 39.37, 0],
		[160, "PICO1_29", 1495.59, -1197.01, "B", "DIP", "PICO1_29", "", "O", 62.99, 51.18, 39.37, 0],
		[161, "PICO1_30", 1495.59, -1097.01, "T", "DIP", "PICO1_30", "", "O", 62.99, 51.18, 39.37, 0],
		[162, "PICO1_30", 1495.59, -1097.01, "B", "DIP", "PICO1_30", "", "O", 62.99, 51.18, 39.37, 0],
		[163, "PICO1_31", 1495.59, -997.01, "T", "DIP", "PICO1_31", "", "O", 62.99, 51.18, 39.37, 0],
		[164, "PICO1_31", 1495.59, -997.01, "B", "DIP", "PICO1_31", "", "O", 62.99, 51.18, 39.37, 0],
		[165, "PICO1_32", 1495.59, -897.01, "T", "DIP", "PICO1_32", "", "O", 62.99, 51.18, 39.37, 0],
		[166, "PICO1_32", 1495.59, -897.01, "B", "DIP", "PICO1_32", "", "O", 62.99, 51.18, 39.37, 0],
		[167, "PICO1_33", 1495.59, -797.01, "T", "DIP", "PICO1_33", "", "O", 62.99, 51.18, 39.37, 0],
		[168, "PICO1_33", 1495.59, -797.01, "B", "DIP", "PICO1_33", "", "O", 62.99, 51.18, 39.37, 0],
		[169, "PICO1_34", 1495.59, -697.01, "T", "DIP", "PICO1_34", "", "O", 62.99, 51.18, 39.37, 0],
		[170, "PICO1_34", 1495.59, -697.01, "B", "DIP", "PICO1_34", "", "O", 62.99, 51.18, 39.37, 0],
		[171, "PICO1_35", 1495.59, -597.01, "T", "DIP", "PICO1_35", "", "O", 62.99, 51.18, 39.37, 0],
		[172, "PICO1_35", 1495.59, -597.01, "B", "DIP", "PICO1_35", "", "O", 62.99, 51.18, 39.37, 0],
		[173, "PICO1_36", 1495.59, -497.01, "T", "DIP", "PICO1_36", "", "O", 62.99, 51.18, 39.37, 0],
		[174, "PICO1_36", 1495.59, -497.01, "B", "DIP", "PICO1_36", "", "O", 62.99, 51.18, 39.37, 0],
		[175, "PICO1_37", 1495.59, -397.01, "T", "DIP", "PICO1_37", "", "O", 62.99, 51.18, 39.37, 0],
		[176, "PICO1_37", 1495.59, -397.01, "B", "DIP", "PICO1_37", "", "O", 62.99, 51.18, 39.37, 0],
		[177, "PICO1_38", 1495.59, -297.01, "T", "DIP", "PICO1_38", "", "O", 62.99, 51.18, 39.37, 0],
		[178, "PICO1_38", 1495.59, -297.01, "B", "DIP", "PICO1_38", "", "O", 62.99, 51.18, 39.37, 0],
		[179, "PICO1_39", 1495.59, -197.01, "T", "DIP", "PICO1_39", "", "O", 62.99, 51.18, 39.37, 0],
		[180, "PICO1_39", 1495.59, -197.01, "B", "DIP", "PICO1_39", "", "O", 62.99, 51.18, 39.37, 0],
		[181, "PICO1_40", 1495.59, -97.01, "T", "DIP", "VCC", "", "O", 62.99, 51.18, 39.37, 0],
		[182, "PICO1_40", 1495.59, -97.01, "B", "DIP", "VCC", "", "O", 62.99, 51.18, 39.37, 0],
		[183, "R1_1", 3505, -660.79, "T", "DIP", "V1", "", "C", 55.12, 55.12, 31.5, 90],
		[184, "R1_1", 3505, -660.79, "B", "DIP", "V1", "", "C", 55.12, 55.12, 31.5, 90],
		[185, "R1_2", 3505, -259.21, "T", "DIP", "$1N2928", "", "C", 55.12, 55.12, 31.5, 90],
		[186, "R1_2", 3505, -259.21, "B", "DIP", "$1N2928", "", "C", 55.12, 55.12, 31.5, 90],
		[187, "R2_1", 3100.79, -650, "T", "DIP", "V1", "", "C", 55.12, 55.12, 31.5, 180],
		[188, "R2_1", 3100.79, -650, "B", "DIP", "V1", "", "C", 55.12, 55.12, 31.5, 180],
		[189, "R2_2", 2699.21, -650, "T", "DIP", "V6-", "", "C", 55.12, 55.12, 31.5, 180],
		[190, "R2_2", 2699.21, -650, "B", "DIP", "V6-", "", "C", 55.12, 55.12, 31.5, 180],
		[191, "R3_1", 3095.79, -830, "T", "DIP", "V1", "", "C", 55.12, 55.12, 31.5, 180],
		[192, "R3_1", 3095.79, -830, "B", "DIP", "V1", "", "C", 55.12, 55.12, 31.5, 180],
		[193, "R3_2", 2694.21, -830, "T", "DIP", "V_OUT", "", "C", 55.12, 55.12, 31.5, 180],
		[194, "R3_2", 2694.21, -830, "B", "DIP", "V_OUT", "", "C", 55.12, 55.12, 31.5, 180],
		[195, "R4_1", 2195, -1234.21, "T", "DIP", "$1N3893", "", "C", 55.12, 55.12, 31.5, 270],
		[196, "R4_1", 2195, -1234.21, "B", "DIP", "$1N3893", "", "C", 55.12, 55.12, 31.5, 270],
		[197, "R4_2", 2195, -1635.79, "T", "DIP", "$1N3984", "", "C", 55.12, 55.12, 31.5, 270],
		[198, "R4_2", 2195, -1635.79, "B", "DIP", "$1N3984", "", "C", 55.12, 55.12, 31.5, 270],
		[199, "R5_1", 2415.79, -1830, "T", "DIP", "$1N11195", "", "C", 55.12, 55.12, 31.5, 180],
		[200, "R5_1", 2415.79, -1830, "B", "DIP", "$1N11195", "", "C", 55.12, 55.12, 31.5, 180],
		[201, "R5_2", 2014.21, -1830, "T", "DIP", "$1N3893", "", "C", 55.12, 55.12, 31.5, 180],
		[202, "R5_2", 2014.21, -1830, "B", "DIP", "$1N3893", "", "C", 55.12, 55.12, 31.5, 180],
		[203, "R6_1", 2014.21, -2070, "T", "DIP", "$1N3893", "", "C", 55.12, 55.12, 31.5, 0],
		[204, "R6_1", 2014.21, -2070, "B", "DIP", "$1N3893", "", "C", 55.12, 55.12, 31.5, 0],
		[205, "R6_2", 2415.79, -2070, "T", "DIP", "$1N11201", "", "C", 55.12, 55.12, 31.5, 0],
		[206, "R6_2", 2415.79, -2070, "B", "DIP", "$1N11201", "", "C", 55.12, 55.12, 31.5, 0],
		[207, "R7_1", 1805, -1779.21, "T", "DIP", "$1N3984", "", "C", 55.12, 55.12, 31.5, 270],
		[208, "R7_1", 1805, -1779.21, "B", "DIP", "$1N3984", "", "C", 55.12, 55.12, 31.5, 270],
		[209, "R7_2", 1805, -2180.79, "T", "DIP", "I_IN", "", "C", 55.12, 55.12, 31.5, 270],
		[210, "R7_2", 1805, -2180.79, "B", "DIP", "I_IN", "", "C", 55.12, 55.12, 31.5, 270],
		[211, "RELAY_I_1", 3625, -3370, "T", "DIP", "GND", "GND", "R", 59.05, 59.05, 39.37, 180],
		[212, "RELAY_I_1", 3625, -3370, "B", "DIP", "GND", "GND", "R", 59.05, 59.05, 39.37, 180],
		[213, "RELAY_I_2", 3525, -3370, "T", "DIP", "VCC", "", "C", 59.05, 59.05, 39.37, 180],
		[214, "RELAY_I_2", 3525, -3370, "B", "DIP", "VCC", "", "C", 59.05, 59.05, 39.37, 180],
		[215, "RELAY_I_3", 3425, -3370, "T", "DIP", "I_SWITCH", "", "C", 59.05, 59.05, 39.37, 180],
		[216, "RELAY_I_3", 3425, -3370, "B", "DIP", "I_SWITCH", "", "C", 59.05, 59.05, 39.37, 180],
		[217, "RELAY_RANGE1_1", 2725, -2950, "T", "DIP", "GND", "GND", "R", 59.05, 59.05, 39.37, 0],
		[218, "RELAY_RANGE1_1", 2725, -2950, "B", "DIP", "GND", "GND", "R", 59.05, 59.05, 39.37, 0],
		[219, "RELAY_RANGE1_2", 2825, -2950, "T", "DIP", "VCC", "", "C", 59.05, 59.05, 39.37, 0],
		[220, "RELAY_RANGE1_2", 2825, -2950, "B", "DIP", "VCC", "", "C", 59.05, 59.05, 39.37, 0],
		[221, "RELAY_RANGE1_3", 2925, -2950, "T", "DIP", "RANGE1", "", "C", 59.05, 59.05, 39.37, 0],
		[222, "RELAY_RANGE1_3", 2925, -2950, "B", "DIP", "RANGE1", "", "C", 59.05, 59.05, 39.37, 0],
		[223, "RELAY_RANGE2_1", 2925, -3705, "T", "DIP", "GND", "GND", "R", 59.05, 59.05, 39.37, 180],
		[224, "RELAY_RANGE2_1", 2925, -3705, "B", "DIP", "GND", "GND", "R", 59.05, 59.05, 39.37, 180],
		[225, "RELAY_RANGE2_2", 2825, -3705, "T", "DIP", "VCC", "", "C", 59.05, 59.05, 39.37, 180],
		[226, "RELAY_RANGE2_2", 2825, -3705, "B", "DIP", "VCC", "", "C", 59.05, 59.05, 39.37, 180],
		[227, "RELAY_RANGE2_3", 2725, -3705, "T", "DIP", "RANGE2", "", "C", 59.05, 59.05, 39.37, 180],
		[228, "RELAY_RANGE2_3", 2725, -3705, "B", "DIP", "RANGE2", "", "C", 59.05, 59.05, 39.37, 180],
		[229, "RELAY_V_1", 3415, -2575, "T", "DIP", "GND", "GND", "R", 59.05, 59.05, 39.37, 0],
		[230, "RELAY_V_1", 3415, -2575, "B", "DIP", "GND", "GND", "R", 59.05, 59.05, 39.37, 0],
		[231, "RELAY_V_2", 3515, -2575, "T", "DIP", "VCC", "", "C", 59.05, 59.05, 39.37, 0],
		[232, "RELAY_V_2", 3515, -2575, "B", "DIP", "VCC", "", "C", 59.05, 59.05, 39.37, 0],
		[233, "RELAY_V_3", 3615, -2575, "T", "DIP", "V_SWITCH", "", "C", 59.05, 59.05, 39.37, 0],
		[234, "RELAY_V_3", 3615, -2575, "B", "DIP", "V_SWITCH", "", "C", 59.05, 59.05, 39.37, 0],
		[235, "U1_1", 2655, -165, "T", "DIP", "$1N2928", "", "C", 70.87, 70.87, 39.37, 270],
		[236, "U1_1", 2655, -165, "B", "DIP", "$1N2928", "", "C", 70.87, 70.87, 39.37, 270],
		[237, "U1_2", 2655, -265, "T", "DIP", "$1N2928", "", "C", 70.87, 70.87, 39.37, 270],
		[238, "U1_2", 2655, -265, "B", "DIP", "$1N2928", "", "C", 70.87, 70.87, 39.37, 270],
		[239, "U1_3", 2655, -365, "T", "DIP", "VSET", "", "C", 70.87, 70.87, 39.37, 270],
		[240, "U1_3", 2655, -365, "B", "DIP", "VSET", "", "C", 70.87, 70.87, 39.37, 270],
		[241, "U1_4", 2655, -465, "T", "DIP", "V6-", "", "C", 70.87, 70.87, 39.37, 270],
		[242, "U1_4", 2655, -465, "B", "DIP", "V6-", "", "C", 70.87, 70.87, 39.37, 270],
		[243, "U1_5", 2955, -465, "T", "DIP", "GND", "GND", "C", 75, 75, 39.37, 270],
		[244, "U1_5", 2955, -465, "B", "DIP", "GND", "GND", "C", 75, 75, 39.37, 270],
		[245, "U1_6", 2955, -365, "T", "DIP", "V1", "", "C", 75, 75, 39.37, 270],
		[246, "U1_6", 2955, -365, "B", "DIP", "V1", "", "C", 75, 75, 39.37, 270],
		[247, "U1_7", 2955, -265, "T", "DIP", "V_OUT", "", "C", 70.87, 70.87, 39.37, 270],
		[248, "U1_7", 2955, -265, "B", "DIP", "V_OUT", "", "C", 70.87, 70.87, 39.37, 270],
		[249, "U1_8", 2955, -165, "T", "DIP", "V6+", "", "C", 70.87, 70.87, 39.37, 270],
		[250, "U1_8", 2955, -165, "B", "DIP", "V6+", "", "C", 70.87, 70.87, 39.37, 270],
		[251, "U2_1", 2940, -1530, "T", "DIP", "V_CE", "", "C", 70.87, 70.87, 39.37, 90],
		[252, "U2_1", 2940, -1530, "B", "DIP", "V_CE", "", "C", 70.87, 70.87, 39.37, 90],
		[253, "U2_2", 2940, -1430, "T", "DIP", "V_RE", "", "C", 70.87, 70.87, 39.37, 90],
		[254, "U2_2", 2940, -1430, "B", "DIP", "V_RE", "", "C", 70.87, 70.87, 39.37, 90],
		[255, "U2_3", 2940, -1330, "T", "DIP", "V_OUT", "", "C", 70.87, 70.87, 39.37, 90],
		[256, "U2_3", 2940, -1330, "B", "DIP", "V_OUT", "", "C", 70.87, 70.87, 39.37, 90],
		[257, "U2_4", 2940, -1230, "T", "DIP", "V6-", "", "C", 70.87, 70.87, 39.37, 90],
		[258, "U2_4", 2940, -1230, "B", "DIP", "V6-", "", "C", 70.87, 70.87, 39.37, 90],
		[259, "U2_5", 2640, -1230, "T", "DIP", "GND", "GND", "C", 75, 75, 39.37, 90],
		[260, "U2_5", 2640, -1230, "B", "DIP", "GND", "GND", "C", 75, 75, 39.37, 90],
		[261, "U2_6", 2640, -1330, "T", "DIP", "$1N3893", "", "C", 75, 75, 39.37, 90],
		[262, "U2_6", 2640, -1330, "B", "DIP", "$1N3893", "", "C", 75, 75, 39.37, 90],
		[263, "U2_7", 2640, -1430, "T", "DIP", "$1N3984", "", "C", 70.87, 70.87, 39.37, 90],
		[264, "U2_7", 2640, -1430, "B", "DIP", "$1N3984", "", "C", 70.87, 70.87, 39.37, 90],
		[265, "U2_8", 2640, -1530, "T", "DIP", "V6+", "", "C", 70.87, 70.87, 39.37, 90],
		[266, "U2_8", 2640, -1530, "B", "DIP", "V6+", "", "C", 70.87, 70.87, 39.37, 90]
	]
}
}